Mass,Normal force
187.6,1.83848
387.6,3.79848
587.6,5.75848
787.6,7.71848
987.6,9.67848
1187.6,11.63848
1387.6,13.59848
1837.6,18.00848